{
  "barrel": {
    "icon": "barrel.png",
    "note": "Surrounds the main masses of the asset. In the case of the biped, it is the head, chest and hips.",
    "shape": [
      {
        "degree": 3,
        "periodic": true,
        "point": [
          [
            0.78361,
            1.0,
            -0.78361
          ],
          [
            -0.0,
            1.0,
            -1.10819
          ],
          [
            -0.78361,
            1.0,
            -0.78361
          ],
          [
            -1.10819,
            1.0,
            -0.0
          ],
          [
            -0.78361,
            1.0,
            0.78361
          ],
          [
            -0.0,
            1.0,
            1.10819
          ],
          [
            0.78361,
            1.0,
            0.78361
          ],
          [
            1.10819,
            1.0,
            0.0
          ]
        ]
      },
      {
        "degree": 3,
        "periodic": true,
        "point": [
          [
            0.78361,
            -1.0,
            -0.78361
          ],
          [
            -0.0,
            -1.0,
            -1.10819
          ],
          [
            -0.78361,
            -1.0,
            -0.78361
          ],
          [
            -1.10819,
            -1.0,
            -0.0
          ],
          [
            -0.78361,
            -1.0,
            0.78361
          ],
          [
            -0.0,
            -1.0,
            1.10819
          ],
          [
            0.78361,
            -1.0,
            0.78361
          ],
          [
            1.10819,
            -1.0,
            0.0
          ]
        ]
      },
      {
        "degree": 1,
        "periodic": false,
        "point": [
          [
            -1.0,
            -1.0,
            0.0
          ],
          [
            -1.0,
            1.0,
            0.0
          ]
        ]
      },
      {
        "degree": 1,
        "periodic": false,
        "point": [
          [
            1.0,
            -1.0,
            0.0
          ],
          [
            1.0,
            1.0,
            0.0
          ]
        ]
      }
    ]
  }
}