{
  "cone": {
    "icon": "cone.png",
    "note": "Cone control.",
    "shape": [
      {
        "degree": 3,
        "periodic": true,
        "point": [
          [
            0.78368,
            0.0,
            -0.78368
          ],
          [
            -0.0,
            0.0,
            -1.10829
          ],
          [
            -0.78368,
            0.0,
            -0.78368
          ],
          [
            -1.10829,
            0.0,
            -0.0
          ],
          [
            -0.78368,
            -0.0,
            0.78368
          ],
          [
            -0.0,
            -0.0,
            1.10829
          ],
          [
            0.78368,
            -0.0,
            0.78368
          ],
          [
            1.10829,
            -0.0,
            0.0
          ]
        ]
      },
      {
        "degree": 1,
        "periodic": false,
        "point": [
          [
            0.0,
            1.00008,
            0.0
          ],
          [
            -1.00008,
            0.0,
            0.0
          ],
          [
            0.0,
            1.00008,
            0.0
          ],
          [
            -0.50004,
            0.0,
            0.8661
          ],
          [
            0.0,
            1.00008,
            0.0
          ],
          [
            0.50004,
            0.0,
            0.8661
          ],
          [
            0.0,
            1.00008,
            0.0
          ],
          [
            1.00008,
            0.0,
            -0.0
          ],
          [
            0.0,
            1.00008,
            0.0
          ],
          [
            0.50004,
            0.0,
            -0.8661
          ],
          [
            0.0,
            1.00008,
            0.0
          ],
          [
            -0.50004,
            0.0,
            -0.8661
          ]
        ]
      }
    ]
  }
}