{
  "wheel": {
    "icon": "wheel.png",
    "note": "",
    "shape": [
      {
        "degree": 3,
        "periodic": true,
        "point": [
          [
            0.78361,
            0.0,
            -0.78361
          ],
          [
            -0.0,
            0.0,
            -1.10819
          ],
          [
            -0.78361,
            0.0,
            -0.78361
          ],
          [
            -1.10819,
            0.0,
            -0.0
          ],
          [
            -0.78361,
            -0.0,
            0.78361
          ],
          [
            -0.0,
            -0.0,
            1.10819
          ],
          [
            0.78361,
            -0.0,
            0.78361
          ],
          [
            1.10819,
            -0.0,
            0.0
          ]
        ]
      },
      {
        "degree": 1,
        "periodic": false,
        "point": [
          [
            0.0,
            0.0,
            -1.0
          ],
          [
            0.0,
            0.0,
            0.0
          ],
          [
            0.95106,
            0.0,
            -0.30902
          ],
          [
            0.0,
            0.0,
            0.0
          ],
          [
            0.58779,
            0.0,
            0.80902
          ],
          [
            0.0,
            0.0,
            0.0
          ],
          [
            -0.58779,
            0.0,
            0.80902
          ],
          [
            0.0,
            0.0,
            0.0
          ],
          [
            -0.95106,
            0.0,
            -0.30902
          ]
        ]
      }
    ]
  }
}