{
  "sphere": {
    "icon": "sphere.png",
    "note": "Pole vector controls and rotational controls that have remote pivots. As in, the control is away from the asset like the hip controls on the biped. Some film rigs use this as the toe and heel pivot controls.",
    "shape": [
      {
        "degree": 1,
        "periodic": false,
        "point": [
          [
            0.0,
            0.0,
            0.0
          ],
          [
            0.0,
            1.0,
            0.0
          ]
        ]
      },
      {
        "degree": 3,
        "periodic": true,
        "point": [
          [
            -0.0,
            0.78361,
            0.78361
          ],
          [
            -0.0,
            1.10819,
            -0.0
          ],
          [
            -0.0,
            0.78361,
            -0.78361
          ],
          [
            -0.0,
            0.0,
            -1.10819
          ],
          [
            0.0,
            -0.78361,
            -0.78361
          ],
          [
            0.0,
            -1.10819,
            -0.0
          ],
          [
            0.0,
            -0.78361,
            0.78361
          ],
          [
            0.0,
            -0.0,
            1.10819
          ]
        ]
      },
      {
        "degree": 3,
        "periodic": true,
        "point": [
          [
            0.78361,
            0.78361,
            0.0
          ],
          [
            -0.0,
            1.10819,
            0.0
          ],
          [
            -0.78361,
            0.78361,
            0.0
          ],
          [
            -1.10819,
            0.0,
            0.0
          ],
          [
            -0.78361,
            -0.78361,
            -0.0
          ],
          [
            -0.0,
            -1.10819,
            -0.0
          ],
          [
            0.78361,
            -0.78361,
            -0.0
          ],
          [
            1.10819,
            -0.0,
            -0.0
          ]
        ]
      },
      {
        "degree": 3,
        "periodic": true,
        "point": [
          [
            0.78361,
            0.0,
            -0.78361
          ],
          [
            -0.0,
            0.0,
            -1.10819
          ],
          [
            -0.78361,
            0.0,
            -0.78361
          ],
          [
            -1.10819,
            0.0,
            -0.0
          ],
          [
            -0.78361,
            -0.0,
            0.78361
          ],
          [
            -0.0,
            -0.0,
            1.10819
          ],
          [
            0.78361,
            -0.0,
            0.78361
          ],
          [
            1.10819,
            -0.0,
            0.0
          ]
        ]
      }
    ]
  }
}